t,x(t),dx/dt,dx/dt,integral(x),integral(x)
[0.000272, 3.99999, -0.046784, 0, 5.00109, 5]
[0.011804, 3.98802, -2.02799, -1.03984, 5.04717, 5.04598]
[0.021803, 3.9592, -3.73562, -1.89663, 5.08692, 5.08582]
[0.031803, 3.91337, -5.42517, -3.73285, 5.12629, 5.12538]
[0.041803, 3.85078, -7.08823, -5.42103, 5.16513, 5.16449]
[0.05297, 3.76144, -8.90409, -7.17773, 5.20765, 5.20744]
[0.062998, 3.66417, -10.4888, -8.80465, 5.24489, 5.24515]
[0.072997, 3.5516, -12.0177, -10.4775, 5.28098, 5.28176]
[0.082997, 3.42402, -13.4881, -12.0086, 5.31587, 5.31725]
[0.094118, 3.26528, -15.0456, -13.5576, 5.35308, 5.35527]
[0.104117, 3.10816, -16.3687, -14.9549, 5.38496, 5.38792]
[0.114117, 2.93818, -17.612, -16.3546, 5.4152, 5.41898]
[0.124118, 2.75619, -18.7694, -17.5977, 5.44369, 5.44835]
[0.134119, 2.56306, -19.8352, -18.7541, 5.47029, 5.47589]
[0.144119, 2.35979, -20.804, -19.819, 5.49492, 5.50151]
[0.154121, 2.14728, -21.6714, -20.7871, 5.51746, 5.5251]
[0.164262, 1.92351, -22.4428, -21.6581, 5.53811, 5.54686]
[0.174263, 1.69571, -23.0933, -22.4194, 5.55621, 5.56608]
[0.184263, 1.46199, -23.631, -23.0745, 5.57201, 5.58303]
[0.194263, 1.22347, -24.0534, -23.6094, 5.58544, 5.59765]
[0.204347, 0.979271, -24.3605, -24.0352, 5.59655, 5.60997]
[0.214348, 0.734616, -24.5457, -24.3407, 5.60512, 5.61977]
[0.225959, 0.449082, -24.6106, -24.531, 5.61199, 5.62822]
[0.246504, -0.0545167, -24.3293, -24.5408, 5.61603, 5.6367]
[0.264566, -0.488562, -23.6687, -24.2875, 5.61111, 5.63592]
[0.274565, -0.722679, -23.1404, -23.8111, 5.60505, 5.63137]
[0.284566, -0.950994, -22.4994, -23.1216, 5.59668, 5.62415]
[0.294567, -1.17235, -21.7488, -22.4811, 5.58605, 5.61465]
[0.304568, -1.38566, -20.8923, -21.7311, 5.57325, 5.60294]
[0.314568, -1.58988, -19.9343, -20.8754, 5.55837, 5.5891]
[0.324569, -1.78404, -18.8793, -19.9181, 5.54149, 5.57322]
[0.33457, -1.9672, -17.7326, -18.8641, 5.52272, 5.55539]
[0.34457, -2.13843, -16.4999, -17.7183, 5.50218, 5.53574]
[0.354571, -2.29694, -15.1871, -16.4709, 5.47999, 5.51433]
[0.364572, -2.44195, -13.8007, -15.1749, 5.45628, 5.49143]
[0.377777, -2.61156, -11.8691, -13.5687, 5.42289, 5.45913]
[0.388957, -2.73474, -10.155, -12.0066, 5.39299, 5.43002]
[0.400309, -2.83984, -8.35211, -10.1312, 5.36133, 5.39901]
[0.411978, -2.92622, -6.44532, -8.31775, 5.32766, 5.36591]
[0.421979, -2.98236, -4.77743, -6.57701, 5.2981, 5.33669]
[0.43198, -3.0217, -3.08713, -4.77369, 5.26807, 5.30689]
[0.441982, -3.04406, -1.38253, -3.08469, 5.23772, 5.2767]
[0.451982, -3.04934, 0.327473, -1.38174, 5.20723, 5.24629]
[0.461984, -3.03752, 2.03516, 0.327202, 5.17678, 5.21581]
[0.471984, -3.00867, 3.73148, 2.03315, 5.14654, 5.18547]
[0.481986, -2.96294, 5.40875, 3.72823, 5.11666, 5.1554]
[0.494251, -2.88418, 7.42699, 5.59102, 5.08077, 5.11913]
[0.504253, -2.80183, 9.03174, 7.2357, 5.05233, 5.09029]
[0.518801, -2.65393, 11.2827, 9.37854, 5.0126, 5.04969]
[0.529278, -2.52756, 12.8311, 10.9601, 4.98544, 5.02184]
[0.544243, -2.31972, 14.9189, 13.1362, 4.94913, 4.98422]
[0.554243, -2.16395, 16.2226, 14.5646, 4.9267, 4.96094]
[0.565577, -1.97216, 17.6024, 16.2914, 4.90325, 4.93648]
[0.575612, -1.78979, 18.7304, 17.5097, 4.88437, 4.91667]
[0.594918, -1.40923, 20.6327, 19.186, 4.85343, 4.88276]
[0.604984, -1.19721, 21.4752, 20.1749, 4.8403, 4.86828]
[0.614984, -0.978715, 22.2053, 21.4537, 4.82942, 4.85633]
[0.624984, -0.753469, 22.8253, 22.187, 4.82075, 4.84655]
[0.637201, -0.470751, 23.4288, 22.8648, 4.81326, 4.83746]
[0.647874, -0.21852, 23.8143, 23.3704, 4.80958, 4.83238]
[0.664219, 0.173848, 24.1434, 23.8573, 4.80921, 4.82919]
[0.67839, 0.516458, 24.1701, 24.085, 4.8141, 4.83154]
[0.688391, 0.757651, 24.0439, 24.152, 4.82047, 4.83654]
[0.698392, 0.996987, 23.7985, 24.0228, 4.82925, 4.84411]
[0.714381, 1.37281, 23.1614, 23.6698, 4.84821, 4.86041]
[0.724381, 1.60177, 22.613, 23.2717, 4.86308, 4.8739]
[0.737096, 1.88402, 21.7538, 22.5047, 4.88526, 4.89438]
[0.754293, 2.2462, 20.315, 21.544, 4.92081, 4.927]
[0.777148, 2.68436, 17.9445, 19.9834, 4.97725, 4.97863]
[0.788584, 2.88187, 16.5788, 18.5377, 5.0091, 5.00887]
[0.798906, 3.04623, 15.2528, 16.63, 5.0397, 5.03856]
[0.8143, 3.26488, 13.1261, 14.8937, 5.08832, 5.08559]
[0.833356, 3.48823, 10.2798, 12.8299, 5.15275, 5.14783]
[0.845817, 3.60415, 8.31299, 10.7644, 5.19697, 5.19107]
[0.860594, 3.70923, 5.89633, 8.11436, 5.25104, 5.2443]
[0.870595, 3.75985, 4.22111, 6.28399, 5.28841, 5.2813]
[0.881314, 3.79536, 2.40086, 4.15654, 5.32892, 5.32158]
[0.894523, 3.81213, 0.137349, 2.18523, 5.37919, 5.37167]
[0.904525, 3.80492, -1.5806, 0.411858, 5.4173, 5.40976]
[0.914525, 3.78054, -3.29235, -1.57937, 5.45524, 5.44778]
[0.924526, 3.73911, -4.99004, -3.29006, 5.49286, 5.48556]
[0.934527, 3.68081, -6.6652, -4.98628, 5.52998, 5.52293]
[0.944528, 3.6059, -8.30964, -6.66041, 5.56643, 5.55971]
[0.954529, 3.51473, -9.91531, -8.30359, 5.60205, 5.59575]
[0.96453, 3.40773, -11.4744, -9.90704, 5.63668, 5.63088]
[0.974532, 3.28538, -12.9793, -11.4643, 5.67016, 5.66494]
[0.984532, 3.14832, -14.4224, -12.9696, 5.70234, 5.69776]
[0.994721, 2.99418, -15.8221, -14.4255, 5.73365, 5.72981]
[1.00472, 2.8294, -17.1197, -15.7974, 5.76277, 5.75973]
[1.01803, 2.59073, -18.7188, -17.3087, 5.79887, 5.79722]
[1.02824, 2.39377, -19.8387, -18.5209, 5.82433, 5.82375]
[1.03824, 2.1903, -20.8394, -19.8114, 5.84726, 5.84768]
[1.04941, 1.95193, -21.8382, -20.8749, 5.87039, 5.87207]
[1.05941, 1.72954, -22.622, -21.7697, 5.88881, 5.89161]
[1.06941, 1.49979, -23.2972, -22.6017, 5.90496, 5.90891]
[1.0796, 1.25937, -23.8699, -23.2828, 5.91903, 5.92417]
[1.0896, 1.0183, -24.316, -23.8468, 5.93042, 5.93676]
[1.0996, 0.773393, -24.6451, -24.2953, 5.93938, 5.94694]
[1.1096, 0.52574, -24.8556, -24.6254, 5.94588, 5.95467]
[1.11961, 0.276605, -24.9465, -24.8369, 5.94989, 5.95993]
[1.12961, 0.02716, -24.9174, -24.9265, 5.95141, 5.96269]
[1.13961, -0.221368, -24.7683, -24.8961, 5.95044, 5.96297]
[1.14961, -0.467834, -24.5001, -24.7472, 5.94699, 5.96076]
[1.15961, -0.711003, -24.1141, -24.4817, 5.94109, 5.95608]
[1.16961, -0.949754, -23.6122, -24.096, 5.93279, 5.94898]
[1.17961, -1.18289, -22.9968, -23.5933, 5.92212, 5.93949]
[1.18961, -1.40937, -22.2709, -22.9783, 5.90915, 5.92767]
[1.19961, -1.628, -21.4382, -22.252, 5.89395, 5.91359]
[1.20961, -1.83783, -20.5026, -21.4199, 5.87661, 5.89732]
[1.21961, -2.03775, -19.469, -20.4863, 5.85723, 5.87896]
[1.22961, -2.22691, -18.3421, -19.4534, 5.83589, 5.8586]
[1.23961, -2.40432, -17.1279, -18.3286, 5.81273, 5.83635]
[1.24961, -2.56921, -15.8317, -17.1149, 5.78784, 5.81233]
[1.26025, -2.72989, -14.371, -15.7761, 5.75965, 5.78501]
[1.27339, -2.90633, -12.4603, -14.1777, 5.72259, 5.7491]
[1.28339, -3.02338, -10.9376, -12.681, 5.69292, 5.72013]
[1.2934, -3.12493, -9.3636, -10.9285, 5.66217, 5.68991]
[1.3034, -3.21053, -7.74585, -9.35579, 5.63047, 5.65869]
[1.3134, -3.27976, -6.09264, -7.74038, 5.598, 5.62661]
[1.3234, -3.3323, -4.41206, -6.08813, 5.56493, 5.59383]
[1.33679, -3.37614, -2.13322, -4.12108, 5.51998, 5.54924]
[1.34679, -3.38892, -0.420768, -2.42076, 5.48615, 5.51553]
[1.35733, -3.38383, 1.3849, -0.373983, 5.45042, 5.47982]
[1.37195, -3.34538, 3.86922, 1.73001, 5.40118, 5.43044]
[1.38195, -3.29828, 5.54417, 3.47433, 5.36794, 5.39699]
[1.39361, -3.22244, 7.45861, 5.67572, 5.32991, 5.35859]
[1.40364, -3.13957, 9.06356, 7.31885, 5.298, 5.32629]
[1.41364, -3.04112, 10.6172, 9.05308, 5.26708, 5.29492]
[1.42364, -2.92738, 12.1168, 10.6083, 5.23722, 5.26453]
[1.43364, -2.79896, 13.5545, 12.107, 5.20857, 5.23528]
[1.44364, -2.65649, 14.9234, 13.5423, 5.18128, 5.20731]
[1.45433, -2.4896, 16.3022, 14.9553, 5.15378, 5.17897]
[1.46433, -2.32048, 17.5079, 16.2456, 5.12972, 5.15408]
[1.47728, -2.08435, 18.9373, 17.6588, 5.10118, 5.12417]
[1.48728, -1.8899, 19.9327, 18.7617, 5.0813, 5.10326]
[1.49728, -1.68593, 20.8283, 19.9162, 5.0634, 5.08437]
[1.50728, -1.47358, 21.6193, 20.8098, 5.0476, 5.06752]
[1.51728, -1.25384, 22.3019, 21.6012, 5.03395, 5.0528]
[1.52729, -1.02785, 22.8729, 22.2833, 5.02254, 5.04026]
[1.53943, -0.746752, 23.4119, 22.9037, 5.01176, 5.0279]
[1.54943, -0.510938, 23.7265, 23.3485, 5.00547, 5.02036]
[1.56157, -0.221323, 23.9489, 23.7289, 5.00102, 5.01426]
[1.57157, 0.0185441, 23.9996, 23.9109, 5.00001, 5.01196]
[1.58157, 0.258342, 23.9304, 23.9796, 5.00139, 5.01215]
[1.59157, 0.496801, 23.7415, 23.9104, 5.00517, 5.01473]
[1.60157, 0.732823, 23.4339, 23.7217, 5.01132, 5.0197]
[1.61187, 0.971921, 22.9948, 23.4095, 5.0201, 5.02725]
[1.62187, 1.19927, 22.4516, 22.9811, 5.03096, 5.03695]
[1.63187, 1.42062, 21.7959, 22.4317, 5.04407, 5.04893]
[1.64187, 1.63489, 21.031, 21.7766, 5.05936, 5.06313]
[1.65187, 1.84093, 20.1608, 21.0135, 5.07674, 5.07946]
[1.66187, 2.03781, 19.1893, 20.1459, 5.09615, 5.09786]
[1.67209, 2.22839, 18.0973, 19.1619, 5.11795, 5.11867]
[1.68209, 2.40363, 16.9365, 18.093, 5.14112, 5.14093]
[1.69209, 2.56685, 15.6902, 16.9231, 5.16599, 5.16495]
[1.70269, 2.7258, 14.2828, 15.6384, 5.19405, 5.19215]
[1.71292, 2.86458, 12.8481, 14.2954, 5.22265, 5.21999]
[1.72423, 3.00051, 11.1825, 12.7578, 5.25583, 5.25237]
[1.73453, 3.1076, 9.60128, 11.2466, 5.2873, 5.28324]
[1.74453, 3.19574, 8.01569, 9.61565, 5.31884, 5.31429]
[1.75453, 3.26779, 6.38896, 8.009, 5.35117, 5.34621]
[1.76774, 3.33773, 4.18923, 6.11725, 5.39483, 5.38938]
[1.77774, 3.37117, 2.49655, 4.45381, 5.4284, 5.4227]
[1.79107, 3.38929, 0.219387, 2.2102, 5.47348, 5.4676]
[1.80107, 3.38292, -1.49446, 0.503231, 5.50737, 5.50146]
[1.81107, 3.35942, -3.20297, -1.49345, 5.54109, 5.53526]
[1.82107, 3.31889, -4.89847, -3.20092, 5.5745, 5.56883]
[1.8343, 3.2395, -7.10485, -5.16447, 5.61789, 5.61262]
[1.8443, 3.16025, -8.73729, -6.83159, 5.6499, 5.64502]
[1.8543, 3.06486, -10.3294, -8.73062, 5.68105, 5.6766]
[1.8643, 2.9538, -11.8729, -10.3212, 5.71115, 5.70723]
[1.8743, 2.82757, -13.3606, -11.863, 5.74008, 5.73674]
[1.8857, 2.66588, -14.9798, -13.4506, 5.77142, 5.76893]
[1.90521, 2.34836, -17.5292, -15.5042, 5.8204, 5.82041]
[1.91581, 2.15573, -18.7848, -16.9439, 5.84429, 5.84554]
[1.93113, 1.85527, -20.4182, -19.0247, 5.87504, 5.87827]
[1.94424, 1.57934, -21.6355, -20.2748, 5.89758, 5.90266]
[1.95424, 1.35883, -22.4444, -21.4762, 5.91228, 5.91855]
[1.96425, 1.1307, -23.1458, -22.4277, 5.92473, 5.93213]
[1.97425, 0.896194, -23.7357, -23.1283, 5.93487, 5.94342]
[1.98425, 0.656313, -24.2117, -23.7168, 5.94264, 5.95238]
[1.99425, 0.412251, -24.5713, -24.1899, 5.94799, 5.95894]
[2.00444, 0.160543, -24.816, -24.5516, 5.95091, 5.96313]
[2.01444, -0.0883148, -24.9356, -24.7952, 5.95127, 5.96474]
[2.02444, -0.33777, -24.9353, -24.9181, 5.94914, 5.96385]
[2.03444, -0.586622, -24.8151, -24.9178, 5.94452, 5.96047]
[2.04444, -0.833698, -24.5754, -24.7952, 5.93741, 5.95461]
[2.05444, -1.07776, -24.2175, -24.5557, 5.92785, 5.94628]
[2.06444, -1.31766, -23.7431, -24.1993, 5.91587, 5.93551]
[2.07444, -1.55224, -23.1545, -23.724, 5.90152, 5.92234]
[2.08444, -1.78038, -22.4546, -23.1359, 5.88485, 5.90683]
[2.09444, -2.00097, -21.6468, -22.4366, 5.86594, 5.88904]
[2.10444, -2.21297, -20.735, -21.6305, 5.84486, 5.86905]
[2.11444, -2.41534, -19.7238, -20.7184, 5.82171, 5.84693]
[2.12444, -2.60713, -18.618, -19.708, 5.79659, 5.82279]
[2.13444, -2.7874, -17.4231, -18.6041, 5.7696, 5.79674]
[2.14444, -2.95531, -16.1448, -17.4083, 5.74088, 5.76889]
[2.161, -3.20405, -13.8616, -15.6858, 5.68983, 5.71972]
[2.17183, -3.34556, -12.2694, -14.25, 5.65436, 5.68523]
[2.18183, -3.46063, -10.7381, -12.321, 5.62032, 5.65182]
[2.19731, -3.60794, -8.26956, -10.2953, 5.56554, 5.59815]
[2.20866, -3.69122, -6.39999, -8.59316, 5.5241, 5.55732]
[2.21866, -3.74684, -4.72103, -6.50668, 5.4869, 5.52046]
[2.23077, -3.79157, -2.65913, -4.53785, 5.44121, 5.47509]
[2.24086, -3.80968, -0.929114, -2.82999, 5.40285, 5.43689]
[2.25445, -3.80645, 1.40367, -0.628264, 5.35108, 5.38516]
[2.26445, -3.78386, 3.11147, 1.09444, 5.31311, 5.34713]
[2.27477, -3.74271, 4.85642, 3.13597, 5.27425, 5.3081]
[2.28477, -3.6858, 6.52084, 4.82492, 5.23709, 5.2707]
[2.29551, -3.60634, 8.27045, 6.57532, 5.19792, 5.23116]
[2.30932, -3.47702, 10.4469, 8.50569, 5.14899, 5.18148]
[2.32422, -3.30453, 12.6821, 10.5129, 5.09841, 5.12977]
[2.34262, -3.04726, 15.2438, 12.9058, 5.03991, 5.06923]
[2.35644, -2.82417, 17.001, 14.9068, 4.99929, 5.02702]
[2.3743, -2.50208, 19.0279, 17.2079, 4.95169, 4.97689]
[2.38437, -2.30525, 20.0398, 18.5807, 4.92747, 4.95148]
[2.39944, -1.99298, 21.3633, 20.248, 4.89505, 4.91703]
[2.4097, -1.76978, 22.1271, 21.1389, 4.87575, 4.89643]
[2.41971, -1.54518, 22.7604, 22.1005, 4.85916, 4.87873]
[2.42971, -1.31488, 23.2804, 22.7426, 4.84486, 4.86329]
[2.44415, -0.974475, 23.8268, 23.3514, 4.82832, 4.84456]
[2.45415, -0.734913, 24.061, 23.7294, 4.81977, 4.83465]
[2.46415, -0.49363, 24.1758, 24.0423, 4.81362, 4.82731]
[2.47415, -0.251798, 24.1706, 24.157, 4.8099, 4.82237]
[2.48415, -0.0106166, 24.0457, 24.1507, 4.80859, 4.81985]
[2.49415, 0.228718, 23.8014, 24.027, 4.80968, 4.81974]
[2.50421, 0.466565, 23.4364, 23.7806, 4.81318, 4.82204]
[2.51421, 0.698628, 22.9571, 23.4171, 4.81901, 4.8267]
[2.52421, 0.925328, 22.364, 22.9381, 4.82713, 4.83367]
[2.53421, 1.14556, 21.6599, 22.3444, 4.8375, 4.84292]
[2.54429, 1.35984, 20.8416, 21.6378, 4.85013, 4.85446]
[2.56834, 1.83364, 18.4737, 20.1634, 4.88864, 4.8882]
[2.58124, 2.06247, 16.9801, 19.0184, 4.91379, 4.91132]
[2.59437, 2.27471, 15.3152, 16.9427, 4.94229, 4.93837]
[2.60437, 2.42114, 13.9586, 15.5031, 4.96578, 4.96101]
[2.61453, 2.55563, 12.5093, 13.9358, 4.99107, 4.98558]
[2.62453, 2.67333, 11.0194, 12.5102, 5.01723, 5.01112]
[2.66092, 2.96991, 5.18958, 8.92996, 5.12056, 5.10949]
[2.68491, 3.04591, 1.13157, 6.17115, 5.1929, 5.17983]
[2.69491, 3.04868, -0.578236, 2.31765, 5.22338, 5.21017]
[2.70491, 3.03434, -2.28658, -0.578107, 5.25382, 5.24064]
[2.71723, 2.99327, -4.37646, -2.48209, 5.29098, 5.27797]
[2.73395, 2.8967, -7.15995, -4.73875, 5.3403, 5.32788]
[2.74536, 2.80442, -9.00667, -6.71264, 5.37284, 5.36094]
[2.75536, 2.70644, -10.5795, -8.88642, 5.40041, 5.38897]
[2.76537, 2.59298, -12.1014, -10.571, 5.42692, 5.41601]
[2.77592, 2.45704, -13.6441, -12.1324, 5.45359, 5.44334]
[2.78592, 2.31356, -15.0382, -13.5923, 5.47746, 5.4679]
[2.79822, 2.11865, -16.6514, -15.1782, 5.50472, 5.49624]
[2.80822, 1.94595, -17.8741, -16.4893, 5.52506, 5.51746]
[2.81822, 1.76142, -19.0103, -17.8588, 5.54361, 5.53691]
[2.82822, 1.56602, -20.0538, -18.9948, 5.56025, 5.5545]
[2.83835, 1.35783, -21.012, -20.0441, 5.57508, 5.57035]
[2.84836, 1.14336, -21.8547, -20.9899, 5.58759, 5.58392]
[2.85836, 0.921024, -22.591, -21.8381, 5.59792, 5.59535]
[2.86836, 0.691866, -23.2172, -22.5726, 5.60599, 5.60454]
[2.87836, 0.45701, -23.7304, -23.1984, 5.61174, 5.61145]
[2.88836, 0.217645, -24.1278, -23.7099, 5.61512, 5.61602]
[2.89836, -0.0251559, -24.4078, -24.1071, 5.61608, 5.61819]
[2.90836, -0.270187, -24.5687, -24.3892, 5.61461, 5.61793]
[2.9187, -0.524547, -24.6092, -24.551, 5.6105, 5.61512]
[2.9287, -0.770324, -24.5262, -24.5876, 5.60402, 5.60989]
[2.94141, -1.08051, -24.2482, -24.4801, 5.59226, 5.59996]
[2.95141, -1.32135, -23.895, -24.2626, 5.58024, 5.58927]
[2.96554, -1.65417, -23.1982, -23.7785, 5.55922, 5.57039]
[2.97554, -1.88312, -22.5677, -23.2865, 5.54153, 5.55402]
[2.9857, -2.10869, -21.8144, -22.5436, 5.52124, 5.5349]
[2.99672, -2.34404, -20.8731, -21.7591, 5.49669, 5.51164]
[3.00672, -2.54805, -19.9118, -20.9007, 5.47222, 5.48825]
[3.01672, -2.74197, -18.8532, -19.8965, 5.44576, 5.46278]
[3.02672, -2.92484, -17.7025, -18.8369, 5.41742, 5.43538]
[3.03672, -3.09577, -16.4654, -17.6872, 5.3873, 5.40615]
[3.04672, -3.25391, -15.1479, -16.4528, 5.35554, 5.37521]
[3.05672, -3.3985, -13.7565, -15.1363, 5.32226, 5.3427]
[3.06672, -3.52883, -12.2978, -13.7452, 5.28761, 5.30873]
[3.07672, -3.64427, -10.779, -12.2871, 5.25173, 5.27346]
[3.08673, -3.74427, -9.20742, -10.7707, 5.21477, 5.23704]
[3.09673, -3.82829, -7.59118, -9.20008, 5.17689, 5.19962]
[3.10912, -3.90969, -5.53796, -7.38778, 5.12892, 5.15219]
[3.11912, -3.95665, -3.84993, -5.73277, 5.08958, 5.11316]
[3.12912, -3.98663, -2.14292, -3.8469, 5.04984, 5.07361]
[3.13912, -3.99947, -0.425619, -2.14126, 5.0099, 5.03378]
[3.14912, -3.99513, 1.29393, -0.425187, 4.96991, 4.99381]
[3.15912, -3.97361, 3.00717, 1.29288, 4.93004, 4.95388]
[3.16914, -3.93493, 4.70926, 3.00635, 4.8904, 4.91409]
[3.18157, -3.86345, 6.78696, 4.90714, 4.84192, 4.86525]
[3.19157, -3.78736, 8.42249, 6.57935, 4.80364, 4.82662]
[3.20157, -3.69511, 10.017, 8.41529, 4.76621, 4.78876]
[3.21482, -3.54882, 12.0524, 10.2601, 4.7182, 4.73993]
[3.22482, -3.42088, 13.5215, 11.7947, 4.68333, 4.70441]
[3.23482, -3.27858, 14.9245, 13.5098, 4.64982, 4.67021]
[3.24482, -3.1226, 16.2546, 14.9131, 4.6178, 4.63745]
[3.25482, -2.95372, 17.5054, 16.2414, 4.58741, 4.60624]
[3.26708, -2.7304, 18.9207, 17.6224, 4.55256, 4.57016]
[3.27708, -2.53583, 19.9736, 18.7782, 4.52622, 4.5428]
[3.28708, -2.33125, 20.9286, 19.9572, 4.50188, 4.51746]
[3.29708, -2.11759, 21.7818, 20.9107, 4.47962, 4.49416]
[3.30708, -1.89593, 22.5285, 21.764, 4.45955, 4.473]
[3.31708, -1.66732, 23.1654, 22.5114, 4.44172, 4.45405]
[3.32708, -1.43295, 23.6891, 23.1477, 4.42622, 4.43739]
[3.33939, -1.13815, 24.1748, 23.7182, 4.41038, 4.41987]
[3.34939, -0.894959, 24.438, 24.1113, 4.40022, 4.4084]
[3.3594, -0.64976, 24.5819, 24.4181, 4.39249, 4.39945]
[3.3694, -0.403671, 24.606, 24.5619, 4.38722, 4.39296]
[3.3794, -0.157967, 24.51, 24.586, 4.38441, 4.38892]
[3.3894, 0.0861552, 24.2945, 24.4913, 4.38406, 4.38734]
[3.39957, 0.331746, 23.9537, 24.2708, 4.38619, 4.38821]
[3.40958, 0.569163, 23.501, 23.9362, 4.3907, 4.39152]
[3.4215, 0.84544, 22.8118, 23.4296, 4.39914, 4.39838]
[3.4315, 1.07019, 22.1118, 22.852, 4.40872, 4.40675]
[3.4415, 1.28738, 21.3041, 22.0927, 4.42052, 4.41744]
[3.4515, 1.49597, 20.3928, 21.2868, 4.43445, 4.4303]
[3.4654, 1.76961, 18.9631, 20.1812, 4.45716, 4.45124]
[3.4754, 1.95362, 17.8233, 19.1524, 4.47578, 4.46879]
[3.4854, 2.12581, 16.5969, 17.8088, 4.49619, 4.48831]
[3.50061, 2.36317, 14.579, 16.2429, 4.53038, 4.52081]
[3.51062, 2.50196, 13.1619, 14.9171, 4.55472, 4.54429]
[3.52061, 2.62621, 11.6817, 13.1509, 4.58037, 4.56928]
[3.53062, 2.7354, 10.1448, 11.6721, 4.60719, 4.59552]
[3.54062, 2.82897, 8.55909, 10.1366, 4.63503, 4.62285]
[3.55256, 2.91965, 6.61147, 8.39465, 4.6694, 4.65664]
[3.5657, 2.99213, 4.41982, 6.50567, 4.70825, 4.69495]
[3.5757, 3.02788, 2.72581, 4.67843, 4.73836, 4.72481]
[3.5857, 3.04661, 1.01946, 2.72389, 4.76875, 4.75506]
[3.5957, 3.04826, -0.69085, 1.0188, 4.79924, 4.7855]
[3.6057, 3.03282, -2.39639, -0.689905, 4.82966, 4.81596]
[3.61578, 3.00002, -4.10359, -2.40154, 4.8601, 4.84651]
[3.62644, 2.94679, -5.88386, -4.14801, 4.8918, 4.87844]
[3.63644, 2.87971, -7.52396, -5.82405, 4.92095, 4.90789]
[3.64644, 2.79642, -9.12607, -7.51763, 4.94934, 4.93666]
[3.65663, 2.69531, -10.7111, -9.13312, 4.97734, 4.96513]
[3.66663, 2.58064, -12.2127, -10.6871, 5.00373, 4.99206]
[3.67663, 2.45123, -13.6535, -12.2026, 5.02891, 5.01785]
[3.68663, 2.30777, -15.0258, -13.6426, 5.05271, 5.04233]
[3.7014, 2.07173, -16.9137, -15.3238, 5.08508, 5.07618]
[3.7114, 1.89661, -18.0893, -16.5998, 5.10494, 5.09701]
[3.7214, 1.71021, -19.1749, -18.0724, 5.12298, 5.11596]
[3.73423, 1.45603, -20.4273, -19.2991, 5.14331, 5.13775]
[3.74423, 1.24734, -21.2885, -20.2754, 5.15683, 5.15239]
[3.75423, 1.03057, -22.044, -21.2708, 5.16823, 5.16485]
[3.76423, 0.806784, -22.6901, -22.0268, 5.17742, 5.17514]
[3.77446, 0.571801, -23.2345, -22.6787, 5.18448, 5.18338]
[3.78446, 0.337256, -23.6503, -23.2095, 5.18903, 5.1891]
[3.79446, 0.0991632, -23.9487, -23.6295, 5.19121, 5.19246]
[3.80446, -0.141345, -24.1283, -23.9277, 5.191, 5.19345]
[3.81447, -0.383053, -24.1883, -24.1084, 5.18838, 5.19204]
[3.82447, -0.62476, -24.1283, -24.1683, 5.18334, 5.1882]
[3.83447, -0.865292, -23.9486, -24.1096, 5.17589, 5.18196]
[3.84447, -1.10338, -23.65, -23.9288, 5.16604, 5.17331]
[3.85447, -1.33795, -23.234, -23.6292, 5.15383, 5.16228]
[3.86447, -1.56773, -22.7026, -23.2148, 5.1393, 5.14891]
[3.87447, -1.79167, -22.0584, -22.6849, 5.12249, 5.13324]
[3.88447, -2.00857, -21.3046, -22.0401, 5.10348, 5.11533]
[3.8998, -2.32504, -19.9448, -21.0576, 5.07024, 5.08429]
[3.91153, -2.55203, -18.7461, -20.0871, 5.04163, 5.0572]
[3.92204, -2.74287, -17.5626, -18.7923, 5.0138, 5.03045]
[3.93438, -2.9505, -16.0487, -17.4353, 4.97864, 4.99655]
[3.94438, -3.10447, -14.7323, -16.1805, 4.94835, 4.96713]
[3.95591, -3.26504, -13.1244, -14.6142, 4.91164, 4.93135]
[3.97339, -3.47205, -10.52, -12.6714, 4.85266, 4.87412]
[3.99423, -3.65709, -7.2074, -10.2295, 4.77826, 4.80184]
[4.00423, -3.72094, -5.55595, -8.07022, 4.74136, 4.76546]
[4.01423, -3.76812, -3.87564, -5.55147, 4.7039, 4.72829]
[4.02423, -3.79839, -2.1745, -3.87275, 4.66605, 4.69064]
[4.03423, -3.81157, -0.461028, -2.1725, 4.62799, 4.65269]
[4.04425, -3.80757, 1.25949, -0.458881, 4.58982, 4.61454]
[4.05425, -3.7864, 2.97314, 1.25755, 4.55183, 4.57649]
[4.06425, -3.74815, 4.67412, 2.97088, 4.51414, 4.53864]
[4.07425, -3.69298, 6.35412, 4.67016, 4.47692, 4.50119]
[4.08425, -3.62115, 8.00492, 6.34894, 4.44033, 4.46428]
[4.09425, -3.53299, 9.61844, 7.99871, 4.40454, 4.42809]
[4.10638, -3.40476, 11.514, 9.77864, 4.36244, 4.38532]
[4.11662, -3.27891, 13.0526, 11.3579, 4.32821, 4.35045]
[4.12662, -3.14112, 14.4926, 13.0237, 4.29609, 4.31767]
[4.13662, -2.98928, 15.8634, 14.481, 4.26543, 4.28629]
[4.14662, -2.82408, 17.1587, 15.8509, 4.23635, 4.25641]
[4.15663, -2.64632, 18.372, 17.1451, 4.20898, 4.22819]
[4.16663, -2.4569, 19.4972, 18.3572, 4.18345, 4.20174]
[4.17663, -2.25667, 20.529, 19.4816, 4.15988, 4.17719]
[4.18663, -2.04659, 21.4623, 20.5126, 4.13835, 4.15464]
[4.19663, -1.8277, 22.2926, 21.4462, 4.11897, 4.13418]
[4.20663, -1.60107, 23.0156, 22.2747, 4.10182, 4.11592]
[4.21663, -1.36771, 23.6281, 22.9972, 4.08697, 4.09992]
[4.22663, -1.12887, 24.1268, 23.6091, 4.07448, 4.08625]
[4.23663, -0.88554, 24.5096, 24.1051, 4.0644, 4.07496]
[4.24663, -0.639022, 24.7743, 24.4899, 4.05678, 4.06611]
[4.25663, -0.390426, 24.9199, 24.7557, 4.05163, 4.05973]
[4.26664, -0.140948, 24.9456, 24.9012, 4.04897, 4.05582]
[4.27664, 0.10816, 24.8512, 24.9268, 4.04881, 4.05441]
[4.28664, 0.355702, 24.6372, 24.83, 4.05113, 4.05549]
[4.29664, 0.600534, 24.3048, 24.6162, 4.05591, 4.05905]
[4.30664, 0.841456, 23.8554, 24.2865, 4.06313, 4.06505]
[4.32247, 1.21191, 22.9111, 23.6712, 4.0794, 4.07871]
[4.33425, 1.47695, 22.0279, 23.0111, 4.09526, 4.09279]
[4.34426, 1.69302, 21.1634, 22.0802, 4.11111, 4.10747]
[4.35722, 1.95938, 19.892, 21.0052, 4.13481, 4.12954]
[4.37151, 2.2324, 18.307, 19.7938, 4.16478, 4.15754]
[4.38193, 2.41666, 17.0369, 18.5087, 4.18901, 4.18065]
[4.39372, 2.60853, 15.4943, 16.9338, 4.21865, 4.20916]
[4.40372, 2.7566, 14.105, 15.6011, 4.24549, 4.23517]
[4.41372, 2.89043, 12.6492, 14.0933, 4.27374, 4.26272]
[4.42436, 3.01644, 11.0354, 12.5907, 4.30517, 4.29345]
[4.43436, 3.11899, 9.46438, 11.0758, 4.33586, 4.32357]
[4.44436, 3.2056, 7.84932, 9.45751, 4.3675, 4.35474]
[4.45436, 3.27587, 6.19795, 7.84321, 4.39993, 4.38677]
[4.46606, 3.3369, 4.23174, 6.05126, 4.43863, 4.42507]
[4.4828, 3.3839, 1.37668, 3.7983, 4.49496, 4.48091]
[4.49418, 3.38847, -0.573365, 1.83357, 4.53352, 4.51934]
[4.50418, 3.37419, -2.28204, -0.454398, 4.56735, 4.5532]
[4.51419, 3.34287, -3.97718, -2.27978, 4.60096, 4.58692]
[4.52419, 3.2947, -5.65032, -3.97346, 4.63417, 4.62032]
[4.53956, 3.18841, -8.16126, -6.08626, 4.68406, 4.67083]
[4.55419, 3.05214, -10.4572, -8.08525, 4.72973, 4.71739]
[4.5673, 2.90204, -12.419, -10.3241, 4.7688, 4.75738]
[4.57737, 2.76973, -13.8523, -12.1831, 4.79736, 4.78663]
[4.58738, 2.62414, -15.2077, -13.8369, 4.82439, 4.81435]
[4.59739, 2.4656, -16.484, -15.1931, 4.84985, 4.84057]
[4.60982, 2.25136, -17.9543, -16.6162, 4.87919, 4.87112]
[4.61982, 2.06629, -19.0362, -17.7985, 4.90079, 4.89368]
[4.62982, 1.8709, -20.0223, -19.0202, 4.92049, 4.91433]
[4.64347, 1.58936, -21.2049, -20.1669, 4.94412, 4.93967]
[4.65419, 1.35772, -21.9956, -21.0612, 4.95992, 4.95679]
[4.66419, 1.13453, -22.6192, -21.9514, 4.97239, 4.97038]
[4.67419, 0.905668, -23.1297, -22.6004, 4.9826, 4.98172]
[4.68419, 0.672276, -23.5245, -23.1104, 4.99049, 4.99077]
[4.69419, 0.4355, -23.8016, -23.5049, 4.99603, 4.99749]
[4.70419, 0.196617, -23.9597, -23.7817, 4.99919, 5.00184]
[4.71419, -0.0433193, -23.998, -23.9386, 4.99996, 5.00381]
[4.72419, -0.283015, -23.9164, -23.9768, 4.99833, 5.00337]
[4.73419, -0.521273, -23.7153, -23.8977, 4.99431, 5.00055]
[4.74459, -0.76621, -23.3804, -23.6918, 4.98761, 4.99511]
[4.75459, -0.997904, -22.9391, -23.3677, 4.97879, 4.98747]
[4.76459, -1.22463, -22.383, -22.9188, 4.96767, 4.9775]
[4.77459, -1.44523, -21.7148, -22.3643, 4.95431, 4.96527]
[4.7846, -1.65861, -20.9378, -21.6967, 4.93878, 4.95082]
[4.79464, -1.86453, -20.052, -20.9175, 4.92108, 4.93418]
[4.80464, -2.06021, -19.0691, -20.0372, 4.90145, 4.91555]
[4.81464, -2.24561, -17.9903, -19.0541, 4.87991, 4.89496]
[4.82489, -2.42404, -16.7901, -17.9605, 4.85596, 4.87195]
[4.83465, -2.58184, -15.5664, -16.8067, 4.83154, 4.84834]
[4.84465, -2.73092, -14.2337, -15.5374, 4.80496, 4.82254]
[4.85465, -2.86629, -12.8289, -14.2217, 4.77697, 4.79525]
[4.86465, -2.9873, -11.3587, -12.8186, 4.74768, 4.76661]
[4.87465, -3.0933, -9.83075, -11.3498, 4.71727, 4.73676]
[4.8865, -3.19874, -7.95533, -9.67683, 4.67996, 4.70011]
[4.8965, -3.27019, -6.32686, -8.09553, 4.6476, 4.66817]
[4.9065, -3.32518, -4.6652, -6.32138, 4.61461, 4.6355]
[4.9165, -3.36341, -2.97816, -4.66068, 4.58115, 4.60227]
[4.9265, -3.38469, -1.27436, -2.97528, 4.5474, 4.56866]
[4.9365, -3.38887, 0.438197, -1.27285, 4.51351, 4.53484]
[4.9465, -3.37592, 2.15095, 0.438229, 4.47967, 4.50098]
[4.9565, -3.34587, 3.85567, 2.14978, 4.44604, 4.46724]
[4.96675, -3.29748, 5.58506, 3.87389, 4.41198, 4.43299]
[4.97675, -3.23329, 7.2475, 5.5601, 4.37931, 4.40004]
[4.98675, -3.15263, 8.87658, 7.24188, 4.34737, 4.36773]
[4.99675, -3.05588, 10.4647, 8.86271, 4.31631, 4.33618]
